File,VIX_Threshold,Sell_Strike,Number of Trades,Total Return,Max Drawdown,Risk/Reward Ratio,Winrate (%),DTE,Spread_Cost_Interval
vix_put_spread_results_threshold_13-14_strike_13.0.csv,13-14,13.0,241,14082.300000000001,-50.0999999999998,281.0838323353305,86.30705394190872,7.0; 8.0; 9.0; 11.0; 12.0; 13.0; 14.0; 15.0; 16.0; 18.0; 19.0; 20.0; 21.0; 22.0; 23.0; 25.0; 26.0; 27.0; 28.0; 29.0,0.0 to 0.0
vix_put_spread_results_threshold_14-15_strike_13.0.csv,14-15,13.0,239,18284.699999999993,-672.7,27.18106139438084,91.21338912133892,1.0; 2.0; 4.0; 5.0; 6.0; 7.0; 8.0; 9.0; 11.0; 12.0; 13.0; 14.0; 15.0; 16.0; 18.0; 19.0; 20.0; 21.0; 22.0; 23.0; 25.0; 26.0; 27.0; 28.0; 29.0; 30.0,-278.0 to -6.5
vix_put_spread_results_threshold_15-16_strike_13.0.csv,15-16,13.0,107,13017.099999999995,-226.2999999999999,57.52143172779497,96.26168224299066,1.0; 2.0; 5.0; 6.0; 7.0; 8.0; 9.0; 11.0; 12.0; 13.0; 14.0; 15.0; 16.0; 18.0; 19.0; 20.0; 21.0; 22.0; 23.0; 25.0; 26.0; 27.0; 28.0,-194.0 to -22.5
vix_put_spread_results_threshold_16-17_strike_13.0.csv,16-17,13.0,79,9870.699999999995,-306.3999999999999,32.21507832898172,91.13924050632912,1.0; 2.0; 4.0; 5.0; 6.0; 7.0; 8.0; 9.0; 11.0; 12.0; 13.0; 14.0; 15.0; 16.0; 19.0; 20.0; 21.0; 22.0; 23.0; 25.0; 26.0; 27.0; 28.0; 29.0; 30.0,-268.0 to -16.499999999999996
vix_put_spread_results_threshold_17-18_strike_13.0.csv,17-18,13.0,58,8132.900000000002,-221.10000000000036,36.783808231569374,94.82758620689656,1.0; 2.0; 6.0; 7.0; 8.0; 9.0; 11.0; 12.0; 13.0; 14.0; 15.0; 16.0; 18.0; 19.0; 20.0; 22.0; 23.0; 26.0; 27.0,-279.0 to -6.5
vix_put_spread_results_threshold_18-19_strike_13.0.csv,18-19,13.0,65,11932.499999999998,-322.2000000000002,37.034450651769056,90.76923076923077,1.0; 2.0; 3.0; 5.0; 6.0; 7.0; 8.0; 9.0; 12.0; 13.0; 14.0; 15.0; 20.0; 21.0; 22.0; 23.0; 25.0; 26.0; 27.0; 28.0; 29.0; 30.0,-321.5 to -17.5
vix_put_spread_results_threshold_19-20_strike_13.0.csv,19-20,13.0,40,6842.999999999999,-172.40000000000015,39.69257540603245,95.0,2.0; 5.0; 7.0; 8.0; 9.0; 12.0; 13.0; 14.0; 15.0; 16.0; 18.0; 19.0; 20.0; 21.0; 22.0; 26.0; 28.0; 29.0; 30.0,-434.50000000000006 to -52.5
vix_put_spread_results_threshold_20-21_strike_13.0.csv,20-21,13.0,30,6166.0,-163.7000000000001,37.66646304215025,96.66666666666667,1.0; 5.0; 7.0; 8.0; 9.0; 12.0; 13.0; 14.0; 15.0; 18.0; 19.0; 21.0; 22.0; 25.0; 28.0; 29.0,-395.0 to -78.5
vix_put_spread_results_threshold_21-22_strike_13.0.csv,21-22,13.0,38,9856.399999999998,-172.39999999999975,57.17169373549891,94.73684210526315,1.0; 2.0; 5.0; 6.0; 7.0; 8.0; 9.0; 12.0; 15.0; 16.0; 19.0; 20.0; 21.0; 22.0; 26.0; 27.0; 28.0; 29.0,-435.00000000000006 to -110.0
vix_put_spread_results_threshold_23-24_strike_13.0.csv,23-24,13.0,32,7019.599999999999,-136.2000000000001,51.53891336270187,96.875,1.0; 2.0; 4.0; 5.0; 6.0; 7.0; 9.0; 13.0; 14.0; 18.0; 19.0; 20.0; 21.0; 23.0; 27.0; 28.0; 29.0,-517.0 to -41.0
vix_put_spread_results_threshold_13-14_strike_14.0.csv,13-14,14.0,210,14605.5,-1391.7000000000014,10.494718689372698,80.47619047619048,7.0; 8.0; 9.0; 11.0; 12.0; 13.0; 14.0; 15.0; 16.0; 18.0; 20.0; 21.0; 22.0; 23.0; 25.0; 26.0; 27.0; 28.0; 29.0; 30.0,0.0 to 81.99999999999999
vix_put_spread_results_threshold_14-15_strike_14.0.csv,14-15,14.0,223,17986.899999999994,-73.19999999999997,245.72267759562843,79.37219730941703,7.0; 8.0; 9.0; 12.0; 13.0; 14.0; 15.0; 16.0; 19.0; 20.0; 21.0; 22.0; 23.0; 26.0; 27.0; 28.0; 29.0; 30.0,0.0 to 0.0
vix_put_spread_results_threshold_15-16_strike_14.0.csv,15-16,14.0,153,14277.4,-317.6999999999999,44.93988039030533,92.81045751633987,1.0; 2.0; 4.0; 5.0; 6.0; 7.0; 8.0; 9.0; 11.0; 12.0; 13.0; 14.0; 15.0; 16.0; 18.0; 19.0; 20.0; 21.0; 22.0; 23.0; 25.0; 26.0; 27.0; 28.0; 29.0; 30.0,-161.5 to -3.0000000000000027
vix_put_spread_results_threshold_16-17_strike_14.0.csv,16-17,14.0,131,14621.800000000003,-315.3,46.37424674912782,93.12977099236642,1.0; 2.0; 4.0; 5.0; 6.0; 7.0; 8.0; 9.0; 11.0; 12.0; 13.0; 14.0; 15.0; 16.0; 18.0; 20.0; 21.0; 22.0; 23.0; 25.0; 26.0; 27.0; 28.0; 29.0; 30.0,-228.00000000000003 to -8.0
vix_put_spread_results_threshold_17-18_strike_14.0.csv,17-18,14.0,111,12951.799999999996,-557.7000000000004,23.223596915904583,90.09009009009009,1.0; 2.0; 4.0; 6.0; 7.0; 8.0; 9.0; 11.0; 12.0; 13.0; 14.0; 15.0; 16.0; 18.0; 19.0; 20.0; 21.0; 22.0; 23.0; 26.0; 27.0; 28.0; 29.0; 30.0,-264.49999999999994 to -4.000000000000001
vix_put_spread_results_threshold_18-19_strike_14.0.csv,18-19,14.0,104,14885.200000000004,-722.3000000000005,20.608057593797582,86.53846153846155,1.0; 2.0; 5.0; 6.0; 7.0; 8.0; 9.0; 12.0; 13.0; 14.0; 15.0; 16.0; 19.0; 20.0; 21.0; 22.0; 23.0; 26.0; 27.0; 28.0; 29.0; 30.0,-284.5 to -22.0
vix_put_spread_results_threshold_19-20_strike_14.0.csv,19-20,14.0,90,13514.999999999998,-780.3999999999995,17.318042029728353,86.66666666666667,1.0; 2.0; 5.0; 6.0; 7.0; 8.0; 9.0; 12.0; 13.0; 14.0; 15.0; 16.0; 19.0; 20.0; 21.0; 22.0; 23.0; 26.0; 27.0; 28.0; 29.0,-445.0 to 359.5
vix_put_spread_results_threshold_20-21_strike_14.0.csv,20-21,14.0,61,10067.299999999996,-605.8999999999999,16.61544809374484,88.52459016393442,1.0; 2.0; 6.0; 8.0; 11.0; 12.0; 14.0; 15.0; 16.0; 17.0; 18.0; 19.0; 20.0; 22.0; 23.0; 26.0; 27.0; 28.0; 29.0; 30.0,-497.0 to -65.49999999999999
vix_put_spread_results_threshold_21-22_strike_14.0.csv,21-22,14.0,56,14779.300000000003,0.0,,100.0,1.0; 2.0; 5.0; 6.0; 7.0; 8.0; 9.0; 12.0; 13.0; 14.0; 15.0; 16.0; 19.0; 20.0; 21.0; 22.0; 23.0; 26.0; 27.0; 28.0; 29.0,-504.4999999999999 to -42.00000000000001
vix_put_spread_results_threshold_26-27_strike_14.0.csv,26-27,14.0,27,5236.1,-94.2,55.58492569002124,96.29629629629629,1.0; 2.0; 4.0; 6.0; 7.0; 8.0; 9.0; 12.0; 13.0; 14.0; 16.0; 19.0; 23.0; 27.0; 28.0,-762.5 to -30.5
vix_put_spread_results_threshold_13-14_strike_15.0.csv,13-14,15.0,76,5269.800000000001,-958.4000000000008,5.498539232053419,71.05263157894737,9.0; 12.0; 13.0; 14.0; 16.0; 22.0; 23.0; 25.0; 27.0; 29.0; 30.0,33.999999999999986 to 168.5
vix_put_spread_results_threshold_14-15_strike_15.0.csv,14-15,15.0,138,15288.899999999998,-797.6000000000007,19.168630892678014,79.71014492753623,9.0; 14.0; 15.0; 16.0; 18.0; 19.0; 20.0; 21.0; 22.0; 23.0; 25.0; 26.0; 27.0; 28.0; 29.0; 30.0,0.0 to 80.50000000000001
vix_put_spread_results_threshold_15-16_strike_15.0.csv,15-16,15.0,140,12362.0,-61.89999999999984,199.7092084006467,73.57142857142858,7.0; 8.0; 9.0; 11.0; 12.0; 13.0; 14.0; 15.0; 18.0; 19.0; 20.0; 21.0; 22.0; 23.0; 27.0; 28.0; 29.0; 30.0,0.0 to 0.0
vix_put_spread_results_threshold_16-17_strike_15.0.csv,16-17,15.0,209,20065.199999999997,-339.80000000000007,59.050029429075906,93.30143540669856,1.0; 2.0; 4.0; 5.0; 6.0; 7.0; 8.0; 9.0; 10.0; 11.0; 12.0; 13.0; 14.0; 15.0; 16.0; 19.0; 20.0; 21.0; 22.0; 23.0; 26.0; 27.0; 28.0; 29.0; 30.0,-160.0 to -4.000000000000001
vix_put_spread_results_threshold_17-18_strike_15.0.csv,17-18,15.0,172,18964.6,-414.50000000000034,45.75295536791311,94.18604651162791,1.0; 2.0; 6.0; 7.0; 8.0; 9.0; 11.0; 12.0; 13.0; 14.0; 15.0; 16.0; 18.0; 19.0; 20.0; 21.0; 22.0; 23.0; 25.0; 26.0; 27.0; 28.0; 29.0; 30.0,-216.5 to -14.000000000000002
vix_put_spread_results_threshold_18-19_strike_15.0.csv,18-19,15.0,159,22143.699999999997,-742.3000000000001,29.831200323319408,91.19496855345912,1.0; 5.0; 6.0; 7.0; 8.0; 9.0; 11.0; 12.0; 13.0; 14.0; 15.0; 16.0; 18.0; 19.0; 20.0; 21.0; 22.0; 23.0; 26.0; 27.0; 28.0; 29.0; 30.0,-261.5 to -13.0
vix_put_spread_results_threshold_19-20_strike_15.0.csv,19-20,15.0,138,20118.899999999998,-630.6999999999997,31.89931821785319,88.40579710144928,1.0; 2.0; 4.0; 5.0; 6.0; 7.0; 8.0; 12.0; 13.0; 14.0; 15.0; 16.0; 19.0; 20.0; 21.0; 22.0; 23.0; 26.0; 27.0; 28.0; 29.0; 30.0,-370.00000000000006 to -16.0
vix_put_spread_results_threshold_20-21_strike_15.0.csv,20-21,15.0,105,16961.000000000004,-510.30000000000064,33.2373113854595,91.42857142857143,1.0; 2.0; 5.0; 6.0; 7.0; 8.0; 9.0; 10.0; 11.0; 12.0; 13.0; 14.0; 15.0; 16.0; 17.0; 18.0; 19.0; 20.0; 22.0; 23.0; 25.0; 26.0; 27.0; 28.0; 29.0,-345.0 to -8.0
vix_put_spread_results_threshold_21-22_strike_15.0.csv,21-22,15.0,88,18618.4,-403.2,46.176587301587304,93.18181818181817,1.0; 2.0; 5.0; 6.0; 7.0; 8.0; 9.0; 12.0; 13.0; 14.0; 15.0; 16.0; 19.0; 20.0; 21.0; 22.0; 23.0; 26.0; 27.0; 28.0; 29.0; 30.0,-474.5 to -29.000000000000004
vix_put_spread_results_threshold_22-23_strike_15.0.csv,22-23,15.0,49,9995.2,-309.7,32.27381336777527,97.95918367346938,1.0; 2.0; 6.0; 7.0; 8.0; 9.0; 12.0; 13.0; 14.0; 15.0; 16.0; 18.0; 19.0; 20.0; 21.0; 26.0; 27.0; 28.0; 29.0; 30.0,-492.0 to -23.0
vix_put_spread_results_threshold_23-24_strike_15.0.csv,23-24,15.0,63,10617.399999999994,-357.5999999999999,29.690715883668894,87.3015873015873,1.0; 4.0; 5.0; 6.0; 7.0; 8.0; 9.0; 12.0; 13.0; 14.0; 15.0; 18.0; 19.0; 21.0; 23.0; 25.0; 26.0; 27.0; 28.0; 29.0,-539.0 to -31.5
vix_put_spread_results_threshold_24-25_strike_15.0.csv,24-25,15.0,45,11393.499999999996,-266.5999999999999,42.73630907726932,93.33333333333333,1; 2; 4; 5; 6; 7; 8; 9; 11; 12; 13; 14; 15; 16; 19; 22; 25; 27; 29,-482.5 to -49.5
vix_put_spread_results_threshold_25-26_strike_15.0.csv,25-26,15.0,44,11959.699999999999,-124.6999999999998,95.90777866880528,97.72727272727273,1.0; 2.0; 5.0; 6.0; 7.0; 8.0; 9.0; 11.0; 12.0; 13.0; 15.0; 16.0; 19.0; 20.0; 21.0; 22.0; 23.0; 27.0; 28.0; 29.0; 30.0,-733.0000000000001 to -52.0
vix_put_spread_results_threshold_26-27_strike_15.0.csv,26-27,15.0,40,8566.5,-150.90000000000006,56.7693836978131,95.0,1.0; 4.0; 5.0; 6.0; 7.0; 8.0; 9.0; 12.0; 13.0; 14.0; 16.0; 19.0; 21.0; 22.0; 23.0; 26.0; 27.0; 28.0,-678.0 to -79.5
vix_put_spread_results_threshold_27-28_strike_15.0.csv,27-28,15.0,32,6387.599999999999,-299.1000000000003,21.356068204613816,90.625,1.0; 4.0; 5.0; 6.0; 11.0; 12.0; 13.0; 14.0; 15.0; 16.0; 19.0; 20.0; 28.0; 29.0; 30.0,-719.9999999999999 to -42.5
vix_put_spread_results_threshold_28-29_strike_15.0.csv,28-29,15.0,35,9069.499999999998,-554.0000000000001,16.37093862815884,85.71428571428571,1.0; 5.0; 6.0; 7.0; 8.0; 9.0; 12.0; 14.0; 16.0; 19.0; 20.0; 21.0; 22.0; 23.0; 26.0; 30.0,-643.0000000000001 to -95.5
vix_put_spread_results_threshold_13-14_strike_16.0.csv,13-14,16.0,35,3073.5,-643.8000000000003,4.7739981360670996,74.28571428571429,9.0; 12.0; 16.0; 22.0; 23.0; 29.0; 30.0,122.5 to 261.00000000000006
vix_put_spread_results_threshold_14-15_strike_16.0.csv,14-15,16.0,66,5170.799999999999,-1010.8000000000005,5.1155520379897075,71.21212121212122,9.0; 13.0; 15.0; 16.0; 18.0; 19.0; 20.0; 21.0; 22.0; 23.0; 25.0; 27.0; 30.0,37.500000000000014 to 168.5
vix_put_spread_results_threshold_15-16_strike_16.0.csv,15-16,16.0,111,10447.299999999994,-642.7999999999998,16.252800248911008,82.88288288288288,6.0; 11.0; 13.0; 14.0; 15.0; 17.0; 19.0; 20.0; 21.0; 22.0; 23.0; 24.0; 25.0; 26.0; 27.0; 28.0; 30.0,0.0 to 127.5
vix_put_spread_results_threshold_16-17_strike_16.0.csv,16-17,16.0,206,19996.799999999996,-83.3,240.05762304921964,76.2135922330097,6.0; 7.0; 8.0; 10.0; 11.0; 12.0; 13.0; 14.0; 15.0; 16.0; 18.0; 19.0; 20.0; 21.0; 22.0; 23.0; 25.0; 26.0; 27.0; 28.0; 29.0; 30.0,0.0 to 0.0
vix_put_spread_results_threshold_17-18_strike_16.0.csv,17-18,16.0,228,21547.399999999998,-213.90000000000012,100.73585787751279,94.73684210526315,1.0; 2.0; 5.0; 6.0; 7.0; 8.0; 9.0; 11.0; 12.0; 13.0; 14.0; 15.0; 16.0; 18.0; 19.0; 20.0; 21.0; 22.0; 23.0; 25.0; 26.0; 27.0; 28.0; 29.0; 30.0,-150.5 to -4.500000000000001
vix_put_spread_results_threshold_18-19_strike_16.0.csv,18-19,16.0,176,22322.8,-546.6,40.83937065495792,92.61363636363636,1.0; 5.0; 6.0; 7.0; 8.0; 9.0; 11.0; 12.0; 13.0; 14.0; 15.0; 16.0; 19.0; 20.0; 21.0; 22.0; 23.0; 26.0; 27.0; 28.0; 29.0; 30.0,-202.50000000000003 to -8.0
vix_put_spread_results_threshold_19-20_strike_16.0.csv,19-20,16.0,171,23023.8,-765.9000000000001,30.061104582843708,90.05847953216374,1.0; 2.0; 4.0; 5.0; 6.0; 7.0; 8.0; 9.0; 12.0; 13.0; 14.0; 15.0; 16.0; 19.0; 20.0; 21.0; 22.0; 23.0; 26.0; 27.0; 28.0; 29.0; 30.0,-309.5 to -19.0
vix_put_spread_results_threshold_20-21_strike_16.0.csv,20-21,16.0,123,18754.4,-720.7000000000002,26.0224781462467,91.05691056910568,1.0; 2.0; 4.0; 5.0; 6.0; 7.0; 8.0; 9.0; 10.0; 11.0; 12.0; 13.0; 14.0; 15.0; 16.0; 17.0; 19.0; 20.0; 21.0; 22.0; 23.0; 27.0; 28.0; 29.0; 30.0,-317.5 to -20.0
vix_put_spread_results_threshold_21-22_strike_16.0.csv,21-22,16.0,112,22187.600000000002,-651.6000000000001,34.05095150399018,92.85714285714286,1.0; 2.0; 5.0; 6.0; 7.0; 8.0; 9.0; 11.0; 12.0; 13.0; 14.0; 15.0; 16.0; 19.0; 20.0; 21.0; 22.0; 23.0; 26.0; 27.0; 28.0; 29.0; 30.0,-414.5 to -42.0
vix_put_spread_results_threshold_22-23_strike_16.0.csv,22-23,16.0,56,10809.8,-590.3,18.312383533796375,92.85714285714286,1.0; 2.0; 5.0; 6.0; 7.0; 8.0; 9.0; 12.0; 13.0; 14.0; 15.0; 16.0; 18.0; 20.0; 21.0; 22.0; 23.0; 26.0; 29.0; 30.0,-435.50000000000006 to -27.5
vix_put_spread_results_threshold_23-24_strike_16.0.csv,23-24,16.0,74,12264.699999999997,-524.8,23.370236280487802,87.83783783783784,1.0; 2.0; 5.0; 6.0; 7.0; 8.0; 9.0; 12.0; 13.0; 14.0; 15.0; 16.0; 18.0; 19.0; 21.0; 22.0; 23.0; 26.0; 28.0; 29.0,-529.0 to -15.000000000000002
vix_put_spread_results_threshold_24-25_strike_16.0.csv,24-25,16.0,44,9558.699999999997,-204.4,46.764677103718185,95.45454545454545,1.0; 2.0; 5.0; 6.0; 7.0; 8.0; 9.0; 11.0; 12.0; 13.0; 14.0; 15.0; 16.0; 19.0; 21.0; 22.0; 23.0; 26.0; 27.0; 30.0,-502.5 to -51.5
vix_put_spread_results_threshold_25-26_strike_16.0.csv,25-26,16.0,30,6958.000000000002,-267.40000000000003,26.020942408376968,93.33333333333333,1.0; 2.0; 5.0; 6.0; 7.0; 8.0; 9.0; 13.0; 15.0; 16.0; 21.0; 23.0; 27.0; 28.0,-664.5 to -94.5
vix_put_spread_results_threshold_28-29_strike_16.0.csv,28-29,16.0,27,7831.1,-90.39999999999985,86.62721238938067,92.5925925925926,1.0; 2.0; 5.0; 6.0; 7.0; 8.0; 9.0; 12.0; 13.0; 14.0; 16.0; 22.0; 23.0; 30.0,-635.0 to -23.5
vix_put_spread_results_threshold_15-16_strike_17.0.csv,15-16,17.0,50,4098.999999999999,-547.5000000000002,7.486757990867575,80.0,11.0; 12.0; 13.0; 14.0; 15.0; 20.0; 22.0; 23.0; 26.0; 27.0; 28.0,41.0 to 185.0
vix_put_spread_results_threshold_16-17_strike_17.0.csv,16-17,17.0,132,11070.1,-919.3000000000001,12.041879691069292,78.03030303030303,6.0; 7.0; 8.0; 10.0; 14.0; 15.0; 16.0; 18.0; 19.0; 20.0; 21.0; 22.0; 23.0; 26.0; 27.0; 28.0; 30.0,0.0 to 82.50000000000001
vix_put_spread_results_threshold_17-18_strike_17.0.csv,17-18,17.0,211,18998.3,-59.20000000000004,320.9172297297295,82.93838862559242,4.0; 5.0; 7.0; 8.0; 9.0; 11.0; 12.0; 13.0; 14.0; 15.0; 16.0; 18.0; 19.0; 20.0; 21.0; 22.0; 23.0; 25.0; 26.0; 27.0; 28.0; 29.0; 30.0,0.0 to 0.0
vix_put_spread_results_threshold_18-19_strike_17.0.csv,18-19,17.0,216,23432.799999999996,-267.2999999999998,87.66479610924061,95.83333333333334,1.0; 2.0; 5.0; 6.0; 7.0; 8.0; 9.0; 11.0; 12.0; 13.0; 14.0; 15.0; 16.0; 18.0; 19.0; 20.0; 21.0; 22.0; 23.0; 26.0; 27.0; 28.0; 29.0; 30.0,-145.99999999999997 to -8.5
vix_put_spread_results_threshold_19-20_strike_17.0.csv,19-20,17.0,194,23259.199999999997,-592.4000000000003,39.262660364618476,91.23711340206185,1.0; 2.0; 5.0; 6.0; 7.0; 8.0; 9.0; 12.0; 13.0; 14.0; 15.0; 16.0; 19.0; 20.0; 21.0; 22.0; 26.0; 27.0; 28.0; 29.0; 30.0,-249.5 to -19.0
vix_put_spread_results_threshold_20-21_strike_17.0.csv,20-21,17.0,147,18579.100000000002,-1107.9,16.769654300929687,91.83673469387756,1.0; 2.0; 4.0; 5.0; 7.0; 8.0; 9.0; 10.0; 11.0; 12.0; 14.0; 15.0; 16.0; 17.0; 19.0; 20.0; 21.0; 22.0; 23.0; 25.0; 26.0; 27.0; 28.0; 29.0; 30.0,-264.0 to -11.0
vix_put_spread_results_threshold_21-22_strike_17.0.csv,21-22,17.0,126,22525.300000000003,-336.20000000000016,66.99970255800116,95.23809523809523,1.0; 2.0; 4.0; 5.0; 6.0; 7.0; 8.0; 9.0; 11.0; 12.0; 13.0; 14.0; 15.0; 16.0; 19.0; 20.0; 21.0; 22.0; 23.0; 25.0; 26.0; 27.0; 28.0; 29.0,-365.0 to -11.5
vix_put_spread_results_threshold_22-23_strike_17.0.csv,22-23,17.0,73,12685.399999999998,-522.2,24.29222520107238,91.78082191780823,1.0; 2.0; 5.0; 6.0; 7.0; 8.0; 12.0; 13.0; 14.0; 15.0; 16.0; 19.0; 20.0; 21.0; 22.0; 23.0; 25.0; 26.0; 27.0; 28.0; 30.0,-422.50000000000006 to -22.5
vix_put_spread_results_threshold_23-24_strike_17.0.csv,23-24,17.0,86,10984.799999999996,-856.1,12.831211307090287,84.88372093023256,1.0; 2.0; 5.0; 6.0; 7.0; 8.0; 9.0; 13.0; 14.0; 15.0; 16.0; 18.0; 19.0; 20.0; 21.0; 22.0; 23.0; 26.0; 28.0; 29.0,-474.5 to -14.000000000000002
vix_put_spread_results_threshold_24-25_strike_17.0.csv,24-25,17.0,55,11324.499999999993,-179.1000000000003,63.23003908431029,94.54545454545455,1.0; 2.0; 4.0; 5.0; 7.0; 8.0; 9.0; 12.0; 13.0; 14.0; 15.0; 16.0; 20.0; 22.0; 27.0; 28.0; 29.0; 30.0,-490.00000000000006 to -62.49999999999999
vix_put_spread_results_threshold_25-26_strike_17.0.csv,25-26,17.0,46,9911.299999999996,-566.5999999999998,17.4925873632192,93.47826086956522,1.0; 5.0; 6.0; 7.0; 8.0; 9.0; 11.0; 12.0; 13.0; 15.0; 16.0; 21.0; 23.0; 26.0; 27.0; 28.0; 29.0; 30.0,-620.0 to -94.5
vix_put_spread_results_threshold_26-27_strike_17.0.csv,26-27,17.0,30,6612.000000000002,0.0,,100.0,2.0; 5.0; 7.0; 8.0; 9.0; 11.0; 12.0; 13.0; 14.0; 16.0; 19.0; 21.0; 23.0; 26.0; 28.0,-653.0 to -87.49999999999997
vix_put_spread_results_threshold_27-28_strike_17.0.csv,27-28,17.0,29,5202.200000000002,-60.20000000000003,86.41528239202655,96.55172413793103,1.0; 2.0; 4.0; 5.0; 6.0; 7.0; 8.0; 13.0; 14.0; 15.0; 19.0; 20.0; 22.0; 28.0; 29.0; 30.0,-687.5 to -56.49999999999999
vix_put_spread_results_threshold_15-16_strike_18.0.csv,15-16,18.0,30,2426.0000000000005,-520.2000000000002,4.663590926566704,80.0,7.0; 11.0; 14.0; 15.0; 20.0; 21.0; 23.0; 26.0; 27.0; 28.0,113.5 to 259.99999999999994
vix_put_spread_results_threshold_16-17_strike_18.0.csv,16-17,18.0,107,9537.099999999995,-1472.2999999999997,6.477687971201519,77.57009345794393,6.0; 7.0; 8.0; 9.0; 11.0; 13.0; 14.0; 15.0; 16.0; 18.0; 19.0; 20.0; 21.0; 23.0; 27.0; 28.0; 29.0; 30.0,41.99999999999999 to 175.5
vix_put_spread_results_threshold_17-18_strike_18.0.csv,17-18,18.0,155,14326.500000000002,-406.0000000000002,35.286945812807865,83.87096774193549,4.0; 11.0; 13.0; 14.0; 15.0; 16.0; 18.0; 19.0; 20.0; 21.0; 22.0; 23.0; 25.0; 26.0; 27.0; 28.0; 29.0; 30.0,0.0 to 90.5
vix_put_spread_results_threshold_18-19_strike_18.0.csv,18-19,18.0,179,18456.699999999997,-57.800000000000004,319.32006920415216,81.00558659217877,2.0; 6.0; 8.0; 9.0; 12.0; 13.0; 14.0; 15.0; 16.0; 19.0; 20.0; 22.0; 23.0; 26.0; 27.0; 28.0; 29.0; 30.0,0.0 to 0.0
vix_put_spread_results_threshold_19-20_strike_18.0.csv,19-20,18.0,209,20875.699999999997,-431.49999999999994,48.379374275782155,92.82296650717703,1.0; 2.0; 4.0; 5.0; 6.0; 7.0; 8.0; 9.0; 12.0; 13.0; 14.0; 15.0; 16.0; 19.0; 20.0; 21.0; 22.0; 23.0; 26.0; 27.0; 28.0; 29.0; 30.0,-167.50000000000003 to -13.0
vix_put_spread_results_threshold_20-21_strike_18.0.csv,20-21,18.0,179,21081.2,-712.8000000000004,29.575196408529727,92.17877094972067,1.0; 2.0; 4.0; 5.0; 6.0; 7.0; 8.0; 9.0; 10.0; 11.0; 12.0; 13.0; 14.0; 15.0; 16.0; 17.0; 19.0; 20.0; 21.0; 22.0; 23.0; 25.0; 26.0; 27.0; 28.0; 29.0; 30.0,-215.5 to 8.5
vix_put_spread_results_threshold_21-22_strike_18.0.csv,21-22,18.0,161,25600.3,-421.9000000000002,60.67859682389189,95.65217391304348,1.0; 2.0; 4.0; 5.0; 6.0; 7.0; 8.0; 9.0; 11.0; 12.0; 13.0; 14.0; 15.0; 16.0; 19.0; 20.0; 21.0; 22.0; 23.0; 25.0; 26.0; 27.0; 28.0; 29.0; 30.0,-292.0 to -15.999999999999998
vix_put_spread_results_threshold_22-23_strike_18.0.csv,22-23,18.0,102,18081.59999999999,-558.7,32.36370144979415,94.11764705882352,1.0; 2.0; 5.0; 6.0; 7.0; 8.0; 9.0; 12.0; 13.0; 14.0; 15.0; 16.0; 18.0; 19.0; 20.0; 21.0; 22.0; 23.0; 26.0; 27.0; 28.0; 29.0; 30.0,-363.0 to -9.0
vix_put_spread_results_threshold_23-24_strike_18.0.csv,23-24,18.0,105,14677.999999999996,-1206.6999999999998,12.163752382530868,84.76190476190476,1.0; 2.0; 6.0; 7.0; 8.0; 9.0; 11.0; 12.0; 13.0; 14.0; 15.0; 18.0; 19.0; 20.0; 21.0; 22.0; 23.0; 26.0; 28.0; 29.0; 30.0,-462.0 to -29.5
vix_put_spread_results_threshold_24-25_strike_18.0.csv,24-25,18.0,75,13753.499999999996,-334.3000000000002,41.14119054741247,94.66666666666667,1.0; 2.0; 5.0; 6.0; 7.0; 8.0; 9.0; 11.0; 12.0; 13.0; 14.0; 15.0; 16.0; 21.0; 22.0; 26.0; 27.0; 28.0; 29.0; 30.0,-530.5000000000001 to -28.000000000000004
vix_put_spread_results_threshold_25-26_strike_18.0.csv,25-26,18.0,51,9924.299999999997,-325.60000000000014,30.480036855036836,94.11764705882352,1.0; 2.0; 5.0; 6.0; 7.0; 8.0; 9.0; 11.0; 12.0; 13.0; 15.0; 16.0; 19.0; 21.0; 22.0; 23.0; 25.0; 26.0; 27.0; 28.0; 29.0; 30.0,-563.5000000000001 to -94.5
vix_put_spread_results_threshold_26-27_strike_18.0.csv,26-27,18.0,31,6597.800000000001,0.0,,100.0,1.0; 2.0; 5.0; 7.0; 8.0; 9.0; 11.0; 12.0; 13.0; 14.0; 16.0; 19.0; 21.0; 23.0; 26.0; 27.0; 28.0,-625.5000000000001 to -54.49999999999999
vix_put_spread_results_threshold_27-28_strike_18.0.csv,27-28,18.0,36,6312.299999999999,-412.7000000000001,15.295129634116787,83.33333333333334,1.0; 4.0; 6.0; 7.0; 8.0; 9.0; 13.0; 15.0; 16.0; 19.0; 20.0; 22.0; 23.0; 28.0; 29.0,-602.5 to -40.0
vix_put_spread_results_threshold_28-29_strike_18.0.csv,28-29,18.0,31,8457.800000000001,-95.40000000000029,88.65618448637291,93.54838709677419,1.0; 2.0; 5.0; 8.0; 9.0; 12.0; 14.0; 16.0; 21.0; 22.0; 23.0,-604.0 to -114.5
vix_put_spread_results_threshold_16-17_strike_19.0.csv,16-17,19.0,60,5545.499999999999,-737.2000000000005,7.52238198589256,73.33333333333333,2.0; 6.0; 7.0; 8.0; 11.0; 14.0; 15.0; 16.0; 20.0; 21.0; 23.0; 28.0; 30.0,112.0 to 291.49999999999994
vix_put_spread_results_threshold_17-18_strike_19.0.csv,17-18,19.0,88,6389.9000000000015,-817.5000000000003,7.816391437308867,77.27272727272727,4.0; 5.0; 13.0; 14.0; 15.0; 16.0; 19.0; 21.0; 22.0; 23.0; 25.0; 26.0; 28.0; 29.0; 30.0,48.0 to 186.0
vix_put_spread_results_threshold_18-19_strike_19.0.csv,18-19,19.0,146,16139.300000000001,-767.3,21.033885051479217,76.71232876712328,7.0; 8.0; 11.0; 12.0; 13.0; 14.0; 15.0; 16.0; 19.0; 20.0; 22.0; 23.0; 25.0; 26.0; 27.0; 30.0,0.0 to 96.99999999999996
vix_put_spread_results_threshold_19-20_strike_19.0.csv,19-20,19.0,164,18893.199999999997,-54.4,347.30147058823525,80.48780487804879,4.0; 8.0; 9.0; 12.0; 13.0; 14.0; 15.0; 16.0; 19.0; 20.0; 21.0; 22.0; 23.0; 26.0; 27.0; 28.0; 30.0,0.0 to 0.0
vix_put_spread_results_threshold_20-21_strike_19.0.csv,20-21,19.0,206,22281.3,-342.90000000000026,64.97900262467186,94.1747572815534,1.0; 2.0; 4.0; 5.0; 6.0; 7.0; 8.0; 9.0; 10.0; 11.0; 12.0; 13.0; 14.0; 15.0; 16.0; 17.0; 18.0; 19.0; 20.0; 21.0; 22.0; 23.0; 25.0; 26.0; 27.0; 28.0; 29.0; 30.0,-185.0 to 18.500000000000004
vix_put_spread_results_threshold_21-22_strike_19.0.csv,21-22,19.0,159,21661.699999999993,-333.0000000000001,65.0501501501501,93.71069182389937,1.0; 2.0; 4.0; 5.0; 6.0; 7.0; 8.0; 9.0; 12.0; 13.0; 14.0; 15.0; 16.0; 19.0; 20.0; 21.0; 22.0; 23.0; 25.0; 26.0; 27.0; 28.0; 29.0; 30.0,-235.50000000000009 to -18.5
vix_put_spread_results_threshold_22-23_strike_19.0.csv,22-23,19.0,126,20423.799999999996,-487.10000000000014,41.92937795113937,93.65079365079364,1.0; 2.0; 4.0; 5.0; 6.0; 7.0; 8.0; 9.0; 11.0; 12.0; 13.0; 14.0; 15.0; 16.0; 18.0; 19.0; 20.0; 21.0; 22.0; 23.0; 25.0; 26.0; 27.0; 28.0; 29.0; 30.0,-308.00000000000006 to 26.0
vix_put_spread_results_threshold_23-24_strike_19.0.csv,23-24,19.0,143,20414.899999999994,-1084.3999999999999,18.82598672076724,88.11188811188812,1.0; 2.0; 4.0; 5.0; 6.0; 7.0; 8.0; 9.0; 11.0; 12.0; 13.0; 14.0; 15.0; 16.0; 18.0; 19.0; 20.0; 21.0; 22.0; 23.0; 25.0; 26.0; 27.0; 28.0; 29.0,-400.0 to -15.000000000000002
vix_put_spread_results_threshold_24-25_strike_19.0.csv,24-25,19.0,80,14692.0,-426.6999999999999,34.43168502460746,92.5,1.0; 2.0; 5.0; 6.0; 7.0; 8.0; 9.0; 11.0; 12.0; 13.0; 14.0; 15.0; 16.0; 19.0; 20.0; 21.0; 22.0; 26.0; 27.0; 28.0; 29.0; 30.0,-477.00000000000006 to -28.000000000000004
vix_put_spread_results_threshold_25-26_strike_19.0.csv,25-26,19.0,57,11776.1,-307.6,38.28381014304291,94.73684210526315,1.0; 2.0; 5.0; 6.0; 7.0; 8.0; 9.0; 11.0; 12.0; 13.0; 14.0; 15.0; 16.0; 18.0; 19.0; 21.0; 22.0; 25.0; 26.0; 27.0; 29.0; 30.0,-495.9999999999999 to -59.0
vix_put_spread_results_threshold_26-27_strike_19.0.csv,26-27,19.0,29,6533.700000000002,-70.69999999999999,92.41442715700146,96.55172413793103,1.0; 2.0; 5.0; 7.0; 8.0; 9.0; 11.0; 12.0; 13.0; 14.0; 16.0; 19.0; 21.0; 27.0,-541.9999999999999 to -94.0
vix_put_spread_results_threshold_28-29_strike_19.0.csv,28-29,19.0,37,9278.599999999997,-409.00000000000017,22.686063569682133,86.48648648648648,1.0; 2.0; 5.0; 7.0; 8.0; 9.0; 12.0; 13.0; 14.0; 15.0; 16.0; 19.0; 20.0; 21.0; 23.0; 30.0,-571.5 to -183.0
vix_put_spread_results_threshold_17-18_strike_20.0.csv,17-18,20.0,55,4547.500000000003,-655.6999999999998,6.935336281836212,70.9090909090909,7.0; 12.0; 13.0; 14.0; 15.0; 21.0; 23.0; 25.0; 28.0,119.5 to 263.0
vix_put_spread_results_threshold_18-19_strike_20.0.csv,18-19,20.0,77,6442.100000000002,-907.3000000000001,7.1002975862449045,75.32467532467533,8.0; 12.0; 13.0; 14.0; 15.0; 16.0; 18.0; 19.0; 21.0; 23.0; 25.0; 26.0; 27.0,49.0 to 179.99999999999997
vix_put_spread_results_threshold_19-20_strike_20.0.csv,19-20,20.0,139,16339.700000000004,-746.6000000000004,21.885480846504148,79.85611510791367,9.0; 11.0; 12.0; 13.0; 14.0; 15.0; 18.0; 20.0; 21.0; 22.0; 23.0; 26.0; 27.0; 28.0; 29.0; 30.0,0.0 to 109.99999999999996
vix_put_spread_results_threshold_20-21_strike_20.0.csv,20-21,20.0,166,20668.800000000003,-54.4,379.9411764705883,80.72289156626506,6.0; 8.0; 11.0; 12.0; 13.0; 14.0; 15.0; 16.0; 17.0; 18.0; 19.0; 20.0; 21.0; 22.0; 23.0; 26.0; 27.0; 28.0; 29.0; 30.0,0.0 to 0.0
vix_put_spread_results_threshold_21-22_strike_20.0.csv,21-22,20.0,174,18162.199999999997,-208.4000000000001,87.15067178502873,95.97701149425288,1.0; 2.0; 5.0; 6.0; 7.0; 8.0; 9.0; 11.0; 12.0; 13.0; 14.0; 15.0; 16.0; 18.0; 19.0; 20.0; 21.0; 22.0; 23.0; 25.0; 26.0; 27.0; 28.0; 29.0,-167.50000000000003 to 4.499999999999993
vix_put_spread_results_threshold_22-23_strike_20.0.csv,22-23,20.0,148,19228.399999999994,-271.60000000000014,70.79675994108977,94.5945945945946,1.0; 2.0; 5.0; 6.0; 7.0; 8.0; 9.0; 12.0; 13.0; 14.0; 15.0; 16.0; 18.0; 19.0; 20.0; 21.0; 22.0; 23.0; 26.0; 27.0; 28.0; 29.0; 30.0,-233.0 to -16.0
vix_put_spread_results_threshold_23-24_strike_20.0.csv,23-24,20.0,147,19482.099999999995,-779.2,25.002695071868576,89.1156462585034,1.0; 2.0; 4.0; 5.0; 6.0; 7.0; 8.0; 9.0; 11.0; 12.0; 13.0; 14.0; 15.0; 16.0; 19.0; 20.0; 21.0; 22.0; 23.0; 26.0; 27.0; 28.0; 29.0,-357.5 to -28.5
vix_put_spread_results_threshold_24-25_strike_20.0.csv,24-25,20.0,104,18139.199999999997,-409.1,44.33928134930334,92.3076923076923,1.0; 2.0; 5.0; 6.0; 7.0; 8.0; 9.0; 11.0; 12.0; 13.0; 14.0; 15.0; 16.0; 19.0; 20.0; 21.0; 22.0; 23.0; 26.0; 27.0; 28.0; 29.0; 30.0,-410.50000000000006 to -28.000000000000004
vix_put_spread_results_threshold_25-26_strike_20.0.csv,25-26,20.0,76,15009.799999999996,-283.09999999999985,53.019427764040984,96.05263157894737,1.0; 2.0; 6.0; 7.0; 8.0; 9.0; 11.0; 12.0; 13.0; 14.0; 15.0; 16.0; 19.0; 21.0; 22.0; 23.0; 25.0; 26.0; 27.0; 28.0; 29.0; 30.0,-460.5 to -33.0
vix_put_spread_results_threshold_26-27_strike_20.0.csv,26-27,20.0,58,11109.399999999998,-199.60000000000008,55.6583166332665,94.82758620689656,1.0; 2.0; 4.0; 5.0; 7.0; 8.0; 9.0; 11.0; 12.0; 13.0; 14.0; 15.0; 16.0; 19.0; 20.0; 21.0; 23.0; 26.0; 27.0; 28.0,-515.0 to -55.49999999999999
vix_put_spread_results_threshold_27-28_strike_20.0.csv,27-28,20.0,56,9234.8,-520.6000000000006,17.73876296580866,85.71428571428571,1.0; 2.0; 4.0; 5.0; 6.0; 7.0; 8.0; 9.0; 10.0; 12.0; 13.0; 14.0; 15.0; 16.0; 19.0; 20.0; 22.0; 23.0; 29.0,-567.5 to -13.5
vix_put_spread_results_threshold_28-29_strike_20.0.csv,28-29,20.0,35,8146.500000000001,-203.30000000000018,40.07132316773238,88.57142857142857,1.0; 5.0; 8.0; 9.0; 12.0; 14.0; 15.0; 16.0; 19.0; 21.0; 22.0; 23.0; 29.0; 30.0,-532.0 to -154.5
vix_put_spread_results_threshold_30-31_strike_20.0.csv,30-31,20.0,31,9402.299999999997,-223.69999999999987,42.03084488153779,96.7741935483871,1.0; 2.0; 4.0; 5.0; 6.0; 9.0; 11.0; 12.0; 13.0; 16.0; 20.0; 21.0; 22.0; 23.0; 26.0; 30.0,-664.5 to -34.5
vix_put_spread_results_threshold_14-15_strike_21.0.csv,14-15,21.0,27,4082.100000000001,-717.7000000000005,5.687752542845197,77.77777777777779,11.0; 16.0; 20.0; 21.0; 22.0; 23.0; 26.0; 27.0; 30.0,481.00000000000006 to 646.5
vix_put_spread_results_threshold_17-18_strike_21.0.csv,17-18,21.0,29,2137.2000000000016,-810.5000000000001,2.6368908081431233,65.51724137931035,6.0; 7.0; 12.0; 14.0; 15.0; 22.0,213.5 to 359.50000000000006
vix_put_spread_results_threshold_18-19_strike_21.0.csv,18-19,21.0,62,5624.600000000002,-879.5,6.395224559408757,75.80645161290323,7.0; 8.0; 12.0; 13.0; 16.0; 20.0; 22.0; 23.0; 26.0; 27.0; 28.0,116.99999999999994 to 272.49999999999994
vix_put_spread_results_threshold_19-20_strike_21.0.csv,19-20,21.0,41,4601.3,-284.3000000000002,16.184664087231788,78.04878048780488,11.0; 14.0; 18.0; 20.0; 22.0; 23.0; 26.0; 27.0; 28.0; 30.0,58.99999999999999 to 170.00000000000003
vix_put_spread_results_threshold_20-21_strike_21.0.csv,20-21,21.0,107,15335.600000000002,-402.3999999999993,38.11033797216707,84.11214953271028,11.0; 12.0; 13.0; 14.0; 15.0; 16.0; 18.0; 19.0; 20.0; 21.0; 22.0; 23.0; 26.0; 27.0; 29.0; 30.0,0.0 to 92.5
vix_put_spread_results_threshold_21-22_strike_21.0.csv,21-22,21.0,159,17270.699999999997,-51.000000000000014,338.6411764705881,81.13207547169812,4.0; 6.0; 7.0; 8.0; 9.0; 12.0; 13.0; 14.0; 15.0; 16.0; 18.0; 20.0; 21.0; 22.0; 23.0; 25.0; 26.0; 27.0; 28.0; 30.0,0.0 to 0.0
vix_put_spread_results_threshold_22-23_strike_21.0.csv,22-23,21.0,168,18751.399999999998,-143.50000000000014,130.67177700348418,97.02380952380952,1.0; 2.0; 5.0; 6.0; 7.0; 8.0; 9.0; 11.0; 12.0; 13.0; 14.0; 15.0; 16.0; 18.0; 19.0; 20.0; 21.0; 22.0; 23.0; 25.0; 26.0; 27.0; 28.0; 29.0; 30.0,-180.00000000000003 to -11.000000000000002
vix_put_spread_results_threshold_23-24_strike_21.0.csv,23-24,21.0,160,20156.499999999996,-398.7,50.55555555555555,93.125,1.0; 2.0; 4.0; 5.0; 6.0; 7.0; 8.0; 9.0; 11.0; 12.0; 13.0; 14.0; 15.0; 16.0; 18.0; 19.0; 20.0; 21.0; 22.0; 23.0; 25.0; 26.0; 27.0; 28.0; 29.0; 30.0,-272.5 to -14.000000000000002
vix_put_spread_results_threshold_24-25_strike_21.0.csv,24-25,21.0,97,15599.099999999995,-265.20000000000016,58.82013574660628,93.81443298969072,1.0; 2.0; 5.0; 6.0; 7.0; 8.0; 9.0; 13.0; 14.0; 15.0; 20.0; 21.0; 22.0; 23.0; 26.0; 27.0; 28.0; 29.0; 30.0,-367.5 to -28.000000000000004
vix_put_spread_results_threshold_25-26_strike_21.0.csv,25-26,21.0,79,13500.699999999997,-331.7999999999999,40.689270644966854,94.9367088607595,1.0; 2.0; 4.0; 5.0; 6.0; 7.0; 8.0; 9.0; 11.0; 12.0; 13.0; 14.0; 15.0; 16.0; 18.0; 19.0; 21.0; 22.0; 23.0; 26.0; 27.0; 29.0; 30.0,-393.5 to -42.5
vix_put_spread_results_threshold_26-27_strike_21.0.csv,26-27,21.0,45,8284.0,-195.40000000000003,42.39508700102353,95.55555555555556,1.0; 2.0; 4.0; 5.0; 6.0; 7.0; 8.0; 9.0; 11.0; 12.0; 13.0; 14.0; 15.0; 16.0; 19.0; 20.0; 21.0; 23.0; 26.0; 27.0,-468.5 to -77.5
vix_put_spread_results_threshold_27-28_strike_21.0.csv,27-28,21.0,33,6099.4,0.0,,100.0,1.0; 2.0; 4.0; 5.0; 6.0; 8.0; 10.0; 13.0; 14.0; 15.0; 16.0; 19.0; 20.0; 21.0; 22.0; 23.0; 26.0,-515.4999999999999 to -17.5
vix_put_spread_results_threshold_28-29_strike_21.0.csv,28-29,21.0,36,8216.300000000001,-129.10000000000045,63.64291247095254,91.66666666666666,1.0; 2.0; 5.0; 8.0; 9.0; 12.0; 14.0; 15.0; 16.0; 19.0; 20.0; 22.0; 23.0; 25.0; 30.0,-565.0 to -22.0
vix_put_spread_results_threshold_18-19_strike_22.0.csv,18-19,22.0,34,4558.700000000001,-320.9999999999999,14.201557632398762,85.29411764705883,7.0; 12.0; 15.0; 16.0; 23.0; 25.0; 26.0; 27.0; 30.0,210.5 to 364.0
vix_put_spread_results_threshold_19-20_strike_22.0.csv,19-20,22.0,31,2959.800000000001,-561.3000000000001,5.273115980758954,70.96774193548387,14.0; 19.0; 20.0; 21.0; 22.0; 23.0,150.99999999999997 to 256.50000000000006
vix_put_spread_results_threshold_20-21_strike_22.0.csv,20-21,22.0,43,4937.900000000001,-326.80000000000024,15.109853121175021,79.06976744186046,12.0; 13.0; 16.0; 18.0; 21.0; 22.0; 23.0; 26.0; 29.0,43.99999999999999 to 181.50000000000003
vix_put_spread_results_threshold_21-22_strike_22.0.csv,21-22,22.0,92,10882.099999999997,-391.1999999999996,27.817229038854826,77.17391304347827,4.0; 8.0; 9.0; 11.0; 12.0; 14.0; 15.0; 16.0; 19.0; 20.0; 21.0; 22.0; 25.0; 28.0; 29.0; 30.0,0.0 to 142.49999999999997
vix_put_spread_results_threshold_22-23_strike_22.0.csv,22-23,22.0,139,13764.7,-45.900000000000006,299.8845315904139,80.57553956834532,6.0; 7.0; 8.0; 9.0; 12.0; 13.0; 14.0; 15.0; 16.0; 19.0; 20.0; 21.0; 22.0; 23.0; 26.0; 27.0; 29.0; 30.0,0.0 to 0.0
vix_put_spread_results_threshold_23-24_strike_22.0.csv,23-24,22.0,167,18650.599999999995,-225.0000000000003,82.89155555555541,94.01197604790418,1.0; 2.0; 4.0; 5.0; 6.0; 7.0; 8.0; 9.0; 11.0; 12.0; 13.0; 14.0; 15.0; 16.0; 18.0; 19.0; 20.0; 21.0; 22.0; 23.0; 25.0; 26.0; 27.0; 28.0; 29.0; 30.0,-170.49999999999997 to 4.499999999999993
vix_put_spread_results_threshold_24-25_strike_22.0.csv,24-25,22.0,124,17138.699999999993,-265.7,64.50395182536694,95.16129032258065,1.0; 2.0; 5.0; 6.0; 7.0; 8.0; 9.0; 11.0; 12.0; 13.0; 14.0; 15.0; 16.0; 19.0; 20.0; 21.0; 22.0; 23.0; 26.0; 27.0; 28.0; 29.0; 30.0,-269.5 to -27.500000000000004
vix_put_spread_results_threshold_25-26_strike_22.0.csv,25-26,22.0,84,13150.199999999997,-202.39999999999998,64.97134387351778,97.61904761904762,1.0; 2.0; 5.0; 6.0; 7.0; 8.0; 9.0; 11.0; 12.0; 13.0; 15.0; 16.0; 18.0; 19.0; 20.0; 21.0; 22.0; 23.0; 26.0; 27.0; 28.0; 29.0; 30.0,-310.49999999999994 to -42.5
vix_put_spread_results_threshold_26-27_strike_22.0.csv,26-27,22.0,64,10877.2,-74.10000000000028,146.7908232118753,95.3125,1.0; 2.0; 4.0; 5.0; 7.0; 8.0; 9.0; 11.0; 12.0; 13.0; 14.0; 15.0; 16.0; 19.0; 20.0; 21.0; 22.0; 26.0; 28.0,-405.50000000000006 to -52.49999999999999
vix_put_spread_results_threshold_27-28_strike_22.0.csv,27-28,22.0,48,7123.4,-596.4000000000004,11.943997317236745,85.41666666666666,1.0; 4.0; 6.0; 8.0; 9.0; 10.0; 12.0; 13.0; 14.0; 15.0; 19.0; 20.0; 22.0; 23.0; 26.0; 27.0; 29.0,-473.0 to -13.5
vix_put_spread_results_threshold_28-29_strike_22.0.csv,28-29,22.0,58,9059.399999999998,-500.9000000000001,18.08624475943301,87.93103448275862,1.0; 2.0; 5.0; 7.0; 8.0; 9.0; 12.0; 13.0; 14.0; 15.0; 16.0; 19.0; 20.0; 21.0; 22.0; 23.0; 28.0; 30.0,-478.0 to -22.0
vix_put_spread_results_threshold_29-30_strike_22.0.csv,29-30,22.0,29,7495.200000000001,-189.6000000000003,39.531645569620196,89.65517241379311,1.0; 2.0; 6.0; 7.0; 8.0; 9.0; 14.0; 16.0; 21.0; 22.0; 23.0; 26.0; 27.0; 28.0; 29.0,-589.5 to -77.99999999999999
vix_put_spread_results_threshold_18-19_strike_23.0.csv,18-19,23.0,28,2392.900000000001,-489.79999999999967,4.885463454471218,67.85714285714286,6.0; 9.0; 12.0; 16.0; 19.0; 26.0; 27.0,284.5 to 468.4999999999999
vix_put_spread_results_threshold_20-21_strike_23.0.csv,20-21,23.0,40,5030.500000000001,-527.6999999999996,9.53287852946751,72.5,12.0; 13.0; 14.0; 16.0; 18.0; 20.0; 21.0; 22.0; 26.0; 29.0,132.5 to 275.0000000000001
vix_put_spread_results_threshold_21-22_strike_23.0.csv,21-22,23.0,40,5326.000000000002,-331.1000000000001,16.085774690425854,80.0,4.0; 7.0; 11.0; 12.0; 19.0; 20.0; 21.0; 23.0; 28.0; 29.0; 30.0,69.99999999999997 to 175.0
vix_put_spread_results_threshold_22-23_strike_23.0.csv,22-23,23.0,71,11432.299999999994,-328.79999999999933,34.76976885644774,80.28169014084507,13.0; 14.0; 16.0; 18.0; 19.0; 21.0; 22.0; 23.0; 25.0; 26.0; 27.0; 28.0; 29.0; 30.0,0.0 to 85.50000000000004
vix_put_spread_results_threshold_23-24_strike_23.0.csv,23-24,23.0,136,14281.799999999996,-54.4,262.53308823529403,76.47058823529412,6.0; 7.0; 8.0; 9.0; 13.0; 14.0; 15.0; 16.0; 18.0; 20.0; 21.0; 22.0; 23.0; 25.0; 26.0; 27.0; 28.0; 29.0; 30.0,0.0 to 0.0
vix_put_spread_results_threshold_24-25_strike_23.0.csv,24-25,23.0,127,13833.59999999999,-51.80000000000037,267.05791505791296,96.8503937007874,1.0; 2.0; 5.0; 6.0; 7.0; 8.0; 9.0; 11.0; 12.0; 13.0; 14.0; 15.0; 16.0; 19.0; 20.0; 21.0; 22.0; 23.0; 26.0; 27.0; 28.0; 29.0; 30.0,-164.99999999999994 to -23.500000000000004
vix_put_spread_results_threshold_25-26_strike_23.0.csv,25-26,23.0,87,12121.099999999995,-244.00000000000003,49.67663934426227,94.25287356321839,1.0; 2.0; 6.0; 7.0; 8.0; 9.0; 11.0; 12.0; 13.0; 14.0; 15.0; 16.0; 18.0; 19.0; 20.0; 21.0; 22.0; 23.0; 26.0; 27.0; 29.0; 30.0,-250.4999999999999 to -20.5
vix_put_spread_results_threshold_26-27_strike_23.0.csv,26-27,23.0,85,12290.999999999996,-317.4000000000002,38.724007561436636,91.76470588235294,1.0; 2.0; 4.0; 5.0; 6.0; 7.0; 8.0; 9.0; 11.0; 12.0; 13.0; 14.0; 15.0; 16.0; 19.0; 20.0; 21.0; 22.0; 23.0; 26.0; 27.0; 28.0; 29.0,-332.5 to -29.000000000000004
vix_put_spread_results_threshold_27-28_strike_23.0.csv,27-28,23.0,43,7262.4,-243.0000000000001,29.886419753086404,88.37209302325581,1.0; 2.0; 4.0; 5.0; 6.0; 8.0; 12.0; 13.0; 15.0; 16.0; 19.0; 20.0; 22.0; 23.0; 26.0,-442.5 to -17.5
vix_put_spread_results_threshold_28-29_strike_23.0.csv,28-29,23.0,57,9122.099999999999,-332.70000000000005,27.418394950405762,89.47368421052632,1.0; 2.0; 5.0; 6.0; 8.0; 9.0; 12.0; 14.0; 15.0; 16.0; 19.0; 21.0; 22.0; 23.0; 25.0; 26.0; 28.0; 29.0; 30.0,-453.5 to -21.5
vix_put_spread_results_threshold_29-30_strike_23.0.csv,29-30,23.0,26,5919.299999999999,-165.90000000000015,35.6799276672694,92.3076923076923,1.0; 2.0; 7.0; 8.0; 9.0; 12.0; 19.0; 21.0; 22.0; 26.0; 28.0,-538.0 to -77.50000000000001
vix_put_spread_results_threshold_30-31_strike_23.0.csv,30-31,23.0,34,7625.700000000001,-294.40000000000003,25.90251358695652,94.11764705882352,1.0; 2.0; 4.0; 5.0; 6.0; 8.0; 9.0; 11.0; 12.0; 13.0; 20.0; 21.0; 23.0; 29.0; 30.0,-528.0000000000001 to -68.5
vix_put_spread_results_threshold_17-18_strike_24.0.csv,17-18,24.0,27,1695.1000000000017,-747.8999999999999,2.26647947586576,74.07407407407408,5.0; 7.0; 8.0; 11.0; 14.0; 26.0; 29.0,465.0 to 653.0
vix_put_spread_results_threshold_20-21_strike_24.0.csv,20-21,24.0,34,6296.200000000001,-447.9,14.057155615092658,79.41176470588235,12.0; 13.0; 14.0; 15.0; 18.0; 20.0; 21.0; 29.0,186.50000000000003 to 369.00000000000006
vix_put_spread_results_threshold_21-22_strike_24.0.csv,21-22,24.0,27,2838.6000000000004,-264.7000000000001,10.723838307517942,77.77777777777779,4.0; 12.0; 14.0; 19.0; 20.0; 29.0; 30.0,135.0 to 250.5
vix_put_spread_results_threshold_22-23_strike_24.0.csv,22-23,24.0,36,4882.3,-572.0000000000001,8.535489510489509,72.22222222222221,14.0; 15.0; 16.0; 18.0; 22.0; 23.0; 25.0; 27.0; 28.0; 29.0,37.5 to 179.9999999999999
vix_put_spread_results_threshold_23-24_strike_24.0.csv,23-24,24.0,104,13950.699999999997,-612.8000000000002,22.765502610966045,76.92307692307693,7.0; 8.0; 9.0; 11.0; 13.0; 15.0; 19.0; 20.0; 21.0; 23.0; 26.0; 27.0; 28.0; 29.0; 30.0,0.0 to 105.49999999999996
vix_put_spread_results_threshold_24-25_strike_24.0.csv,24-25,24.0,104,12438.199999999995,-37.400000000000006,332.5721925133688,78.84615384615384,6.0; 7.0; 9.0; 11.0; 13.0; 14.0; 15.0; 16.0; 19.0; 21.0; 22.0; 23.0; 26.0; 27.0; 28.0; 29.0; 30.0,0.0 to 0.0
vix_put_spread_results_threshold_25-26_strike_24.0.csv,25-26,24.0,102,10782.599999999995,-244.59999999999968,44.08258381030257,92.15686274509804,1.0; 2.0; 5.0; 6.0; 7.0; 8.0; 9.0; 11.0; 12.0; 13.0; 14.0; 15.0; 16.0; 18.0; 19.0; 20.0; 21.0; 22.0; 23.0; 26.0; 27.0; 28.0; 29.0; 30.0,-161.99999999999997 to 54.99999999999999
vix_put_spread_results_threshold_26-27_strike_24.0.csv,26-27,24.0,89,11505.699999999995,-191.50000000000034,60.081984334203526,94.3820224719101,1.0; 2.0; 4.0; 5.0; 6.0; 7.0; 8.0; 9.0; 11.0; 12.0; 13.0; 14.0; 15.0; 16.0; 19.0; 21.0; 22.0; 23.0; 25.0; 26.0; 27.0; 28.0; 29.0,-232.50000000000003 to 15.500000000000025
vix_put_spread_results_threshold_27-28_strike_24.0.csv,27-28,24.0,68,10415.899999999994,-240.9000000000001,43.23744292237439,89.70588235294117,1.0; 4.0; 5.0; 6.0; 7.0; 8.0; 9.0; 10.0; 11.0; 12.0; 13.0; 15.0; 16.0; 19.0; 20.0; 21.0; 22.0; 23.0; 26.0; 28.0; 29.0,-388.5 to -30.000000000000004
vix_put_spread_results_threshold_28-29_strike_24.0.csv,28-29,24.0,60,9101.499999999996,-162.29999999999967,56.07825015403583,93.33333333333333,1.0; 2.0; 5.0; 6.0; 7.0; 8.0; 9.0; 12.0; 14.0; 15.0; 16.0; 19.0; 21.0; 22.0; 23.0; 25.0; 28.0; 29.0; 30.0,-405.0 to -89.5
vix_put_spread_results_threshold_29-30_strike_24.0.csv,29-30,24.0,32,7070.5999999999985,-18.700000000000056,378.1069518716565,96.875,2.0; 7.0; 8.0; 9.0; 13.0; 14.0; 16.0; 19.0; 21.0; 22.0; 26.0; 27.0; 28.0,-493.00000000000006 to -72.50000000000001
vix_put_spread_results_threshold_30-31_strike_24.0.csv,30-31,24.0,31,6907.800000000001,-2.2,3139.909090909091,96.7741935483871,1.0; 2.0; 4.0; 5.0; 6.0; 7.0; 8.0; 9.0; 11.0; 12.0; 16.0; 20.0; 21.0; 23.0; 26.0; 29.0; 30.0,-493.50000000000006 to -34.5
vix_put_spread_results_threshold_32-33_strike_24.0.csv,32-33,24.0,29,5901.200000000002,-579.5,10.1832614322692,82.75862068965517,1.0; 2.0; 5.0; 6.0; 8.0; 9.0; 12.0; 20.0; 26.0; 28.0; 29.0; 30.0,-620.0000000000001 to -187.5
vix_put_spread_results_threshold_14-15_strike_25.0.csv,14-15,25.0,28,5152.900000000003,-475.99999999999983,10.825420168067238,82.14285714285714,9; 12; 15; 16; 19; 20; 21; 22; 27; 30,902.0 to 1016.0
vix_put_spread_results_threshold_20-21_strike_25.0.csv,20-21,25.0,36,6108.300000000002,-716.0000000000001,8.53114525139665,72.22222222222221,13.0; 14.0; 15.0; 21.0; 22.0; 23.0; 29.0,323.50000000000006 to 450.50000000000006
vix_put_spread_results_threshold_21-22_strike_25.0.csv,21-22,25.0,29,4332.700000000003,-308.39999999999947,14.048962386511057,75.86206896551724,12.0; 13.0; 14.0; 20.0; 28.0; 29.0; 30.0,218.99999999999997 to 345.5
vix_put_spread_results_threshold_23-24_strike_25.0.csv,23-24,25.0,48,6773.399999999998,-489.90000000000083,13.826086956521712,75.0,7.0; 9.0; 15.0; 20.0; 23.0; 25.0; 26.0; 27.0; 28.0; 29.0,66.5 to 182.00000000000003
vix_put_spread_results_threshold_24-25_strike_25.0.csv,24-25,25.0,84,9091.199999999993,-565.7000000000005,16.070708856284224,69.04761904761905,5.0; 6.0; 7.0; 9.0; 11.0; 13.0; 15.0; 19.0; 20.0; 22.0; 23.0; 27.0; 28.0; 29.0; 30.0,0.0 to 90.50000000000011
vix_put_spread_results_threshold_25-26_strike_25.0.csv,25-26,25.0,59,7854.7,-18.7,420.03743315508024,81.35593220338984,9.0; 12.0; 13.0; 14.0; 15.0; 16.0; 18.0; 19.0; 20.0; 21.0; 22.0; 26.0; 27.0; 28.0; 30.0,0.0 to 0.0
vix_put_spread_results_threshold_26-27_strike_25.0.csv,26-27,25.0,92,10612.599999999995,-70.10000000000008,151.39229671897266,96.73913043478261,1.0; 2.0; 5.0; 6.0; 7.0; 8.0; 9.0; 11.0; 12.0; 13.0; 14.0; 15.0; 16.0; 19.0; 20.0; 21.0; 22.0; 23.0; 25.0; 26.0; 27.0; 28.0,-165.5000000000001 to -20.0
vix_put_spread_results_threshold_27-28_strike_25.0.csv,27-28,25.0,87,12888.599999999991,-70.8999999999999,181.78561354019757,97.70114942528735,1.0; 2.0; 4.0; 5.0; 6.0; 7.0; 8.0; 9.0; 10.0; 11.0; 12.0; 13.0; 14.0; 15.0; 16.0; 19.0; 20.0; 21.0; 22.0; 23.0; 26.0; 27.0; 29.0; 30.0,-289.99999999999994 to -18.5
vix_put_spread_results_threshold_28-29_strike_25.0.csv,28-29,25.0,77,10209.599999999995,-298.39999999999964,34.21447721179627,90.9090909090909,1.0; 2.0; 5.0; 6.0; 8.0; 9.0; 12.0; 13.0; 14.0; 15.0; 16.0; 19.0; 20.0; 21.0; 22.0; 23.0; 25.0; 29.0; 30.0,-346.50000000000006 to -22.0
vix_put_spread_results_threshold_29-30_strike_25.0.csv,29-30,25.0,44,7463.2,-279.50000000000034,26.701967799642183,88.63636363636364,2.0; 5.0; 7.0; 8.0; 9.0; 13.0; 14.0; 15.0; 16.0; 19.0; 21.0; 23.0; 26.0; 27.0; 28.0; 29.0,-400.5 to -84.5
vix_put_spread_results_threshold_30-31_strike_25.0.csv,30-31,25.0,40,8296.0,-2.2,3770.9090909090905,97.5,1.0; 2.0; 4.0; 5.0; 6.0; 7.0; 8.0; 9.0; 11.0; 12.0; 16.0; 20.0; 21.0; 22.0; 23.0; 26.0; 28.0; 29.0; 30.0,-440.00000000000006 to -68.0
vix_put_spread_results_threshold_32-33_strike_25.0.csv,32-33,25.0,36,6814.800000000001,-507.9999999999999,13.414960629921264,86.11111111111111,1.0; 2.0; 5.0; 6.0; 8.0; 9.0; 12.0; 13.0; 15.0; 19.0; 20.0; 21.0; 26.0; 29.0,-557.5 to -139.0
vix_put_spread_results_threshold_23-24_strike_26.0.csv,23-24,26.0,53,5723.400000000001,-917.1999999999999,6.240078499781946,69.81132075471697,0.0; 5.0; 7.0; 8.0; 9.0; 14.0; 19.0; 20.0; 22.0; 26.0; 27.0; 28.0,140.00000000000003 to 286.00000000000006
vix_put_spread_results_threshold_24-25_strike_26.0.csv,24-25,26.0,41,6722.299999999998,-442.70000000000056,15.184775242828078,73.17073170731707,11.0; 14.0; 15.0; 16.0; 21.0; 22.0; 23.0; 26.0; 27.0; 29.0; 30.0,63.49999999999998 to 181.49999999999997
vix_put_spread_results_threshold_25-26_strike_26.0.csv,25-26,26.0,45,6110.499999999999,-180.30000000000018,33.89073765945642,80.0,0.0; 7.0; 12.0; 13.0; 14.0; 16.0; 21.0; 22.0; 23.0; 25.0; 27.0; 28.0; 30.0,0.0 to 90.00000000000003
vix_put_spread_results_threshold_26-27_strike_26.0.csv,26-27,26.0,65,8987.499999999996,-23.799999999999997,377.626050420168,78.46153846153847,6.0; 7.0; 8.0; 9.0; 11.0; 12.0; 15.0; 16.0; 19.0; 21.0; 23.0; 26.0; 27.0,0.0 to 0.0
vix_put_spread_results_threshold_27-28_strike_26.0.csv,27-28,26.0,79,11468.199999999993,0.0,,100.0,1.0; 2.0; 5.0; 6.0; 7.0; 8.0; 9.0; 10.0; 11.0; 12.0; 13.0; 14.0; 15.0; 16.0; 19.0; 20.0; 22.0; 23.0; 26.0; 27.0; 28.0; 29.0; 30.0,-179.99999999999997 to -8.500000000000002
vix_put_spread_results_threshold_28-29_strike_26.0.csv,28-29,26.0,72,8456.599999999999,-278.19999999999965,30.39755571531276,91.66666666666666,1.0; 2.0; 6.0; 7.0; 8.0; 9.0; 12.0; 13.0; 14.0; 15.0; 16.0; 19.0; 20.0; 21.0; 22.0; 23.0; 25.0; 26.0; 28.0; 29.0; 30.0,-343.0 to -21.0
vix_put_spread_results_threshold_29-30_strike_26.0.csv,29-30,26.0,42,5881.5999999999985,-136.40000000000018,43.120234604105505,95.23809523809523,2.0; 5.0; 7.0; 8.0; 9.0; 14.0; 15.0; 16.0; 18.0; 19.0; 21.0; 22.0; 23.0; 25.0; 26.0; 27.0; 29.0,-328.0 to -52.0
vix_put_spread_results_threshold_30-31_strike_26.0.csv,30-31,26.0,49,8983.699999999999,-256.39999999999975,35.037831513260564,95.91836734693877,1.0; 2.0; 4.0; 5.0; 6.0; 7.0; 8.0; 9.0; 11.0; 12.0; 13.0; 16.0; 20.0; 21.0; 22.0; 23.0; 26.0; 27.0; 28.0; 29.0; 30.0,-355.00000000000006 to -34.5
vix_put_spread_results_threshold_32-33_strike_26.0.csv,32-33,26.0,30,6056.5,-241.89999999999992,25.03720545680034,93.33333333333333,1.0; 2.0; 5.0; 6.0; 8.0; 9.0; 14.0; 15.0; 19.0; 20.0; 21.0; 23.0; 29.0; 30.0,-497.50000000000006 to -138.5
vix_put_spread_results_threshold_25-26_strike_27.0.csv,25-26,27.0,27,4249.099999999999,-168.30000000000018,25.247177658942334,85.18518518518519,0.0; 12.0; 13.0; 16.0; 19.0; 22.0; 23.0; 27.0; 28.0,68.49999999999999 to 194.99999999999997
vix_put_spread_results_threshold_26-27_strike_27.0.csv,26-27,27.0,47,7128.099999999998,-187.39999999999992,38.036819637139814,74.46808510638297,6.0; 7.0; 8.0; 12.0; 13.0; 15.0; 16.0; 19.0; 20.0; 21.0; 23.0; 26.0,0.0 to 89.00000000000006
vix_put_spread_results_threshold_27-28_strike_27.0.csv,27-28,27.0,74,12247.199999999995,-20.4,600.3529411764704,83.78378378378379,4.0; 6.0; 7.0; 8.0; 9.0; 11.0; 12.0; 13.0; 14.0; 15.0; 16.0; 19.0; 20.0; 21.0; 22.0; 23.0; 28.0; 29.0; 30.0,0.0 to 0.0
vix_put_spread_results_threshold_28-29_strike_27.0.csv,28-29,27.0,71,7765.3,-22.09999999999996,351.37104072398256,95.77464788732394,1.0; 2.0; 6.0; 7.0; 8.0; 9.0; 13.0; 14.0; 15.0; 16.0; 19.0; 20.0; 21.0; 22.0; 23.0; 25.0; 26.0; 28.0; 29.0; 30.0,-184.5 to -18.0
vix_put_spread_results_threshold_29-30_strike_27.0.csv,29-30,27.0,56,6499.2999999999965,-142.59999999999988,45.57713884992989,94.64285714285714,1.0; 2.0; 5.0; 7.0; 8.0; 9.0; 11.0; 12.0; 13.0; 14.0; 15.0; 16.0; 18.0; 19.0; 21.0; 22.0; 25.0; 26.0; 27.0; 29.0,-258.5 to -23.0
vix_put_spread_results_threshold_30-31_strike_27.0.csv,30-31,27.0,50,8538.999999999996,-221.89999999999978,38.48129788192882,96.0,1.0; 2.0; 4.0; 5.0; 6.0; 7.0; 8.0; 9.0; 11.0; 12.0; 13.0; 16.0; 19.0; 20.0; 21.0; 22.0; 23.0; 26.0; 28.0; 29.0; 30.0,-262.00000000000006 to -34.5
vix_put_spread_results_threshold_32-33_strike_27.0.csv,32-33,27.0,43,8112.399999999999,-410.5999999999999,19.757428153921094,93.02325581395348,1.0; 2.0; 5.0; 6.0; 7.0; 8.0; 9.0; 12.0; 13.0; 14.0; 15.0; 19.0; 20.0; 21.0; 23.0; 26.0; 28.0; 29.0; 30.0,-432.0 to -136.5
vix_put_spread_results_threshold_26-27_strike_28.0.csv,26-27,28.0,27,4975.6,-206.4999999999998,24.094915254237314,81.48148148148148,6.0; 8.0; 13.0; 15.0; 16.0; 19.0; 20.0; 21.0; 23.0,58.5 to 175.4999999999999
vix_put_spread_results_threshold_27-28_strike_28.0.csv,27-28,28.0,53,11067.399999999998,-165.3000000000003,66.95341802782806,83.01886792452831,7.0; 8.0; 9.0; 11.0; 13.0; 14.0; 16.0; 19.0; 20.0; 21.0; 23.0; 26.0; 27.0; 28.0; 29.0; 30.0,0.0 to 108.0
vix_put_spread_results_threshold_28-29_strike_28.0.csv,28-29,28.0,51,7592.300000000002,-20.4,372.1715686274511,76.47058823529412,6.0; 7.0; 13.0; 15.0; 19.0; 20.0; 22.0; 23.0; 25.0; 26.0; 27.0; 28.0; 29.0,0.0 to 0.0
vix_put_spread_results_threshold_29-30_strike_28.0.csv,29-30,28.0,53,5705.399999999998,-106.40000000000003,53.62218045112778,96.22641509433963,1.0; 2.0; 5.0; 7.0; 8.0; 9.0; 11.0; 12.0; 13.0; 14.0; 15.0; 16.0; 18.0; 19.0; 20.0; 21.0; 22.0; 25.0; 26.0; 28.0,-189.0 to -15.999999999999998
vix_put_spread_results_threshold_30-31_strike_28.0.csv,30-31,28.0,53,8731.399999999998,-173.09999999999988,50.44136337377241,94.33962264150944,1.0; 2.0; 4.0; 5.0; 6.0; 7.0; 8.0; 9.0; 11.0; 12.0; 13.0; 14.0; 16.0; 20.0; 21.0; 22.0; 23.0; 26.0; 28.0; 30.0,-205.00000000000009 to -32.49999999999999
vix_put_spread_results_threshold_32-33_strike_28.0.csv,32-33,28.0,44,9488.699999999997,-339.09999999999997,27.98201120613388,93.18181818181817,1.0; 2.0; 5.0; 6.0; 7.0; 8.0; 9.0; 12.0; 14.0; 15.0; 19.0; 20.0; 21.0; 23.0; 26.0; 27.0; 28.0; 29.0,-370.5 to -132.0
vix_put_spread_results_threshold_34-35_strike_28.0.csv,34-35,28.0,26,5851.3,-47.7,122.66876310272536,96.15384615384616,1.0; 5.0; 6.0; 7.0; 8.0; 11.0; 12.0; 13.0; 14.0; 19.0; 20.0; 28.0; 29.0,-526.0 to -115.5
vix_put_spread_results_threshold_29-30_strike_29.0.csv,29-30,29.0,32,4157.5999999999985,-6.8,611.4117647058822,87.5,6.0; 8.0; 9.0; 12.0; 14.0; 15.0; 19.0; 20.0; 21.0; 22.0; 23.0; 25.0; 26.0; 28.0; 29.0,0.0 to 0.0
vix_put_spread_results_threshold_30-31_strike_29.0.csv,30-31,29.0,49,5521.2,-87.09999999999988,63.38920780711834,93.87755102040816,1.0; 2.0; 5.0; 6.0; 7.0; 8.0; 9.0; 11.0; 12.0; 13.0; 14.0; 16.0; 20.0; 22.0; 23.0; 26.0; 28.0; 29.0; 30.0,-143.5 to 54.99999999999999
vix_put_spread_results_threshold_32-33_strike_29.0.csv,32-33,29.0,45,8560.999999999998,-235.60000000000002,36.33701188455007,93.33333333333333,1.0; 2.0; 5.0; 6.0; 7.0; 8.0; 9.0; 12.0; 13.0; 15.0; 19.0; 20.0; 21.0; 23.0; 26.0; 27.0; 29.0; 30.0,-291.9999999999999 to -120.0
vix_put_spread_results_threshold_27-28_strike_30.0.csv,27-28,30.0,39,7807.700000000001,-363.90000000000015,21.455619675735086,82.05128205128204,7.0; 8.0; 9.0; 13.0; 14.0; 16.0; 19.0; 20.0; 23.0; 27.0; 28.0; 29.0; 30.0,100.0 to 291.5000000000001
vix_put_spread_results_threshold_29-30_strike_30.0.csv,29-30,30.0,30,4625.0,-91.09999999999985,50.768386388584055,73.33333333333333,8.0; 13.0; 15.0; 16.0; 18.0; 19.0; 21.0; 22.0; 23.0; 25.0,0.0 to 95.00000000000011
vix_put_spread_results_threshold_30-31_strike_30.0.csv,30-31,30.0,37,7212.100000000001,-10.2,707.0686274509806,83.78378378378379,7.0; 8.0; 12.0; 13.0; 14.0; 16.0; 21.0; 22.0; 23.0; 26.0; 28.0; 30.0,0.0 to 0.0
vix_put_spread_results_threshold_32-33_strike_30.0.csv,32-33,30.0,49,9062.199999999997,-132.39999999999984,68.4456193353475,95.91836734693877,1.0; 2.0; 5.0; 6.0; 7.0; 8.0; 9.0; 12.0; 13.0; 14.0; 15.0; 19.0; 20.0; 21.0; 23.0; 26.0; 27.0; 29.0; 30.0,-215.5000000000001 to -96.5
vix_put_spread_results_threshold_34-35_strike_30.0.csv,34-35,30.0,27,5841.099999999999,0.0,,100.0,1.0; 5.0; 6.0; 7.0; 8.0; 11.0; 12.0; 13.0; 14.0; 19.0; 20.0; 26.0; 28.0; 29.0,-396.0 to -115.5
vix_put_spread_results_threshold_35-36_strike_30.0.csv,35-36,30.0,27,7044.599999999999,0.0,,100.0,1.0; 2.0; 5.0; 7.0; 8.0; 9.0; 12.0; 14.0; 15.0; 16.0; 19.0; 22.0; 26.0; 29.0; 30.0,-461.0 to -129.5
